,NO,GAP,TIME,LAP
0,7,1.514,1:38.430,1
1,6,2.400,1:39.316,1
2,33,3.158,1:40.074,1
3,19,4.108,1:41.024,1
4,44,4.373,1:41.289,1
5,55,5.149,1:42.065,1
6,27,6.518,1:43.434,1
7,3,6.860,1:43.776,1
8,14,7.631,1:44.547,1
9,11,8.163,1:45.079,1
10,22,8.593,1:45.509,1
11,30,9.339,1:46.255,1
12,94,10.062,1:46.978,1
13,9,10.636,1:47.552,1
14,12,11.156,1:48.072,1
15,77,11.413,1:48.329,1
16,8,12.463,1:49.379,1
17,88,13.066,1:49.982,1
18,21,16.403,1:53.319,1
19,20,PIT,3:00.423,1
20,7,1.741,1:31.891,2
21,6,2.773,1:32.037,2
22,33,3.819,1:32.325,2
23,19,5.371,1:32.927,2
24,44,6.110,1:33.401,2
25,55,7.015,1:33.530,2
26,27,8.770,1:33.916,2
27,3,9.466,1:34.270,2
28,14,10.754,1:34.787,2
29,11,11.514,1:35.015,2
30,22,12.071,1:35.142,2
31,30,12.965,1:35.290,2
32,94,13.788,1:35.390,2
33,9,14.274,1:35.302,2
34,12,14.807,1:35.315,2
35,77,15.185,1:35.436,2
36,8,16.487,1:35.688,2
37,88,17.295,1:35.893,2
38,21,27.858,1:43.119,2
39,,,,2
40,7,1.915,1:32.341,3
41,6,3.353,1:32.747,3
42,33,4.546,1:32.894,3
43,20,1 LAP,1:46.207,3
44,19,6.513,1:33.309,3
45,44,7.035,1:33.092,3
46,55,7.800,1:32.952,3
47,27,10.779,1:34.176,3
48,3,11.249,1:33.950,3
49,14,12.839,1:34.252,3
50,11,13.659,1:34.312,3
51,22,14.837,1:34.933,3
52,30,15.363,1:34.565,3
53,94,16.333,1:34.712,3
54,9,17.116,1:35.009,3
55,12,17.905,1:35.265,3
56,77,18.332,1:35.314,3
57,8,19.478,1:35.158,3
58,88,20.314,1:35.186,3
59,21,28.813,1:33.122,3
60,7,2.222,1:32.321,4
61,6,3.480,1:32.141,4
62,33,5.070,1:32.538,4
63,44,7.083,1:32.062,4
64,19,9.002,1:34.503,4
65,55,9.439,1:33.653,4
66,20,1 LAP,1:37.229,4
67,27,12.893,1:34.128,4
68,3,13.149,1:33.914,4
69,14,15.132,1:34.307,4
70,11,15.867,1:34.222,4
71,22,16.804,1:33.981,4
72,30,17.391,1:34.042,4
73,94,18.428,1:34.109,4
74,9,19.293,1:34.191,4
75,12,20.321,1:34.430,4
76,77,20.602,1:34.284,4
77,8,21.908,1:34.444,4
78,88,23.037,1:34.737,4
79,21,29.797,1:32.998,4
80,7,2.088,1:32.139,5
81,6,2.782,1:31.575,5
82,33,5.317,1:32.520,5
83,44,6.439,1:31.629,5
84,19,9.848,1:33.119,5
85,55,10.538,1:33.372,5
86,20,1 LAP,1:34.720,5
87,3,13.891,1:33.015,5
88,27,15.587,1:34.967,5
89,14,16.767,1:33.908,5
90,11,17.979,1:34.385,5
91,22,19.035,1:34.504,5
92,30,19.606,1:34.488,5
93,94,20.390,1:34.235,5
94,9,21.249,1:34.229,5
95,77,22.920,1:34.591,5
96,12,23.692,1:35.644,5
97,8,24.138,1:34.503,5
98,88,25.439,1:34.675,5
99,21,30.708,1:33.184,5
100,5,,1:32.204,6
101,7,2.124,1:32.240,6
102,6,3.046,1:32.468,6
103,33,6.003,1:32.890,6
104,44,6.516,1:32.281,6
105,19,10.869,1:33.225,6
106,55,11.656,1:33.322,6
107,3,14.270,1:32.583,6
108,20,1 LAP,1:35.346,6
109,27,17.747,1:34.364,6
110,14,18.922,1:34.359,6
111,11,19.872,1:34.097,6
112,22,21.132,1:34.301,6
113,30,21.797,1:34.395,6
114,94,22.953,1:34.767,6
115,9,23.530,1:34.485,6
116,77,24.154,1:33.438,6
117,12,26.481,1:34.993,6
118,8,26.939,1:35.005,6
119,88,28.013,1:34.778,6
120,21,31.971,1:33.467,6
121,5,,1:32.080,7
122,7,2.254,1:32.210,7
123,6,3.430,1:32.464,7
124,33,7.140,1:33.217,7
125,44,7.902,1:33.466,7
126,19,12.440,1:33.651,7
127,55,13.344,1:33.768,7
128,3,14.933,1:32.743,7
129,27,19.112,1:33.445,7
130,14,21.268,1:34.426,7
131,11,22.261,1:34.469,7
132,22,23.816,1:34.764,7
133,30,24.510,1:34.793,7
134,94,26.169,1:35.296,7
135,9,26.839,1:35.389,7
136,77,27.251,1:35.177,7
137,20,1 LAP,1:43.453,7
138,12,29.546,1:35.145,7
139,8,29.983,1:35.124,7
140,88,31.430,1:35.497,7
141,21,33.651,1:33.760,7
142,5,,1:32.289,8
143,7,2.346,1:32.381,8
144,6,3.766,1:32.625,8
145,33,8.107,1:33.256,8
146,44,8.744,1:33.131,8
147,19,13.994,1:33.843,8
148,3,15.636,1:32.992,8
149,27,20.868,1:34.045,8
150,14,23.352,1:34.373,8
151,11,24.548,1:34.576,8
152,22,26.113,1:34.586,8
153,30,27.085,1:34.864,8
154,94,28.697,1:34.817,8
155,9,29.792,1:35.242,8
156,77,30.011,1:35.049,8
157,20,1 LAP,1:34.917,8
158,12,32.549,1:35.292,8
159,8,33.214,1:35.520,8
160,55,PIT,1:52.689,8
161,88,34.865,1:35.724,8
162,21,35.405,1:34.043,8
163,5,,1:32.578,9
164,7,2.496,1:32.728,9
165,6,3.745,1:32.557,9
166,33,9.122,1:33.593,9
167,44,9.787,1:33.621,9
168,19,15.941,1:34.525,9
169,3,16.177,1:33.119,9
170,27,22.164,1:33.874,9
171,14,25.121,1:34.347,9
172,11,26.431,1:34.461,9
173,22,28.146,1:34.611,9
174,30,29.264,1:34.757,9
175,94,30.940,1:34.821,9
176,77,31.360,1:33.927,9
177,9,33.333,1:36.119,9
178,20,1 LAP,1:35.742,9
179,12,35.611,1:35.640,9
180,8,36.099,1:35.463,9
181,88,38.006,1:35.719,9
182,21,38.805,1:35.978,9
183,55,39.029,1:37.863,9
184,5,,1:32.571,10
185,7,2.523,1:32.598,10
186,6,3.755,1:32.581,10
187,33,10.451,1:33.900,10
188,44,11.449,1:34.233,10
189,3,16.461,1:32.855,10
190,19,19.499,1:36.129,10
191,27,23.448,1:33.855,10
192,14,27.005,1:34.455,10
193,11,28.157,1:34.297,10
194,22,30.204,1:34.629,10
195,30,31.535,1:34.842,10
196,77,32.373,1:33.584,10
197,94,34.185,1:35.816,10
198,9,36.398,1:35.636,10
199,20,1 LAP,1:35.633,10
200,8,38.879,1:35.351,10
201,55,40.702,1:34.244,10
202,21,43.002,1:36.768,10
203,88,44.137,1:38.702,10
204,12,PIT,1:56.813,10
205,5,,1:32.960,11
206,7,2.496,1:32.933,11
207,6,3.476,1:32.681,11
208,33,11.338,1:33.847,11
209,44,12.269,1:33.780,11
210,3,16.209,1:32.708,11
211,27,24.582,1:34.094,11
212,14,28.805,1:34.760,11
213,11,29.911,1:34.714,11
214,22,31.895,1:34.651,11
215,30,33.354,1:34.779,11
216,77,33.840,1:34.427,11
217,19,PIT,1:51.982,11
218,8,40.771,1:34.852,11
219,55,40.939,1:33.197,11
220,20,1 LAP,1:37.304,11
221,21,44.638,1:34.596,11
222,88,47.784,1:36.607,11
223,9,PIT,1:54.650,11
224,94,PIT,1:57.340,11
225,12,64.957,1:38.064,11
226,5,,1:33.014,12
227,7,2.772,1:33.290,12
228,33,13.022,1:34.698,12
229,44,13.540,1:34.285,12
230,6,PIT,1:50.969,12
231,27,25.943,1:34.375,12
232,11,31.697,1:34.800,12
233,3,PIT,1:50.524,12
234,22,34.098,1:35.217,12
235,77,36.834,1:36.008,12
236,55,40.079,1:32.154,12
237,8,43.070,1:35.313,12
238,19,43.611,1:38.104,12
239,20,1 LAP,1:37.254,12
240,21,46.882,1:35.258,12
241,14,PIT,1:52.637,12
242,30,PIT,1:57.100,12
243,9,64.402,1:39.328,12
244,12,65.463,1:33.520,12
245,94,66.987,1:41.436,12
246,88,PIT,1:56.553,12
247,7,,1:33.900,13
248,44,12.014,1:35.146,13
249,5,PIT,1:50.574,13
250,6,19.501,1:34.742,13
251,27,25.389,1:36.118,13
252,11,29.327,1:34.302,13
253,33,PIT,1:53.474,13
254,22,33.075,1:35.649,13
255,77,33.836,1:33.674,13
256,3,34.041,1:36.994,13
257,55,35.692,1:32.285,13
258,19,39.283,1:32.344,13
259,8,41.503,1:35.105,13
260,20,1 LAP,1:35.206,13
261,21,45.535,1:35.325,13
262,14,49.704,1:37.948,13
263,30,60.120,1:39.352,13
264,9,61.672,1:33.942,13
265,12,62.464,1:33.673,13
266,94,64.017,1:33.702,13
267,88,75.865,1:41.214,13
268,7,,1:34.049,14
269,44,11.824,1:33.859,14
270,5,15.457,1:35.604,14
271,6,16.750,1:31.298,14
272,27,25.690,1:34.350,14
273,11,30.126,1:34.848,14
274,3,33.544,1:33.552,14
275,22,35.223,1:36.197,14
276,33,35.652,1:39.877,14
277,55,36.825,1:35.182,14
278,77,37.412,1:37.625,14
279,19,38.646,1:33.412,14
280,8,41.689,1:34.235,14
281,20,1 LAP,1:34.927,14
282,21,46.340,1:34.854,14
283,14,48.208,1:32.553,14
284,30,59.026,1:32.955,14
285,9,61.748,1:34.125,14
286,12,62.349,1:33.934,14
287,94,63.685,1:33.717,14
288,88,75.677,1:33.861,14
289,7,,1:34.176,15
290,44,11.857,1:34.209,15
291,5,12.038,1:30.757,15
292,6,14.556,1:31.982,15
293,27,26.363,1:34.849,15
294,11,31.604,1:35.654,15
295,3,31.671,1:32.303,15
296,33,33.255,1:31.779,15
297,55,35.802,1:33.153,15
298,19,39.013,1:34.543,15
299,77,39.685,1:36.449,15
300,8,42.067,1:34.554,15
301,21,46.864,1:34.700,15
302,14,47.155,1:33.123,15
303,20,1 LAP,1:37.999,15
304,22,PIT,1:55.900,15
305,30,58.088,1:33.238,15
306,9,61.464,1:33.892,15
307,12,62.338,1:34.165,15
308,94,63.669,1:34.160,15
309,88,75.348,1:33.847,15
310,5,,1:31.809,16
311,6,3.998,1:33.289,16
312,7,PIT,1:53.141,16
313,3,20.344,1:32.520,16
314,44,PIT,1:53.739,16
315,33,22.616,1:33.208,16
316,55,25.047,1:33.092,16
317,19,27.876,1:32.710,16
318,77,30.271,1:34.433,16
319,8,32.363,1:34.143,16
320,27,PIT,1:52.729,16
321,21,37.278,1:34.261,16
322,14,37.850,1:34.542,16
323,20,1 LAP,1:35.084,16
324,11,PIT,1:57.573,16
325,30,47.693,1:33.452,16
326,9,51.971,1:34.354,16
327,12,53.456,1:34.965,16
328,22,53.514,1:40.414,16
329,94,55.167,1:35.345,16
330,88,65.402,1:33.901,16
331,5,,1:39.423,17
332,6,5.291,1:40.716,17
333,7,18.780,1:48.909,17
334,3,27.891,1:46.970,17
335,33,30.635,1:47.442,17
336,55,36.181,1:50.557,17
337,44,38.985,1:56.659,17
338,19,40.477,1:52.024,17
339,8,44.233,1:51.293,17
340,77,PIT,2:06.484,17
341,27,57.842,2:02.020,17
342,30,67.726,1:59.456,17
343,11,70.993,2:05.086,17
344,9,73.449,2:00.901,17
345,22,74.498,2:00.407,17
346,20,PIT,2:15.143,17
347,12,77.100,2:03.067,17
348,94,78.599,2:02.855,17
349,88,89.111,2:03.132,17
350,,,,17
351,,,,17
352,5 PIT,,3:21.551,18
353,6 PIT,,3:19.132,18
354,7 PIT,,3:08.276,18
355,3 PIT,,3:10.570,18
356,33 PIT,,3:09.398,18
357,20 PIT,,12:09.123,18
358,55 PIT,,20:42.495,18
359,44 PIT,,20:43.047,18
360,19 PIT,,20:43.269,18
361,8 PIT,,20:41.349,18
362,27 PIT,,20:29.799,18
363,77 PIT,,20:31.528,18
364,30 PIT,,20:23.356,18
365,11 PIT,,20:21.249,18
366,9 PIT,,20:22.582,18
367,22 PIT,,20:23.874,18
368,12 PIT,,20:22.819,18
369,94 PIT,,20:23.494,18
370,210103.716,,8:20.454,18
371,,,,18
372,,,,18
373,5,20:13.527,,19
374,6,0.680 20:11.335,,19
375,7,1.821 20:09.843,,19
376,3,2.217 19:58.834,,19
377,33,2.447 19:57.492,,19
378,55,3.059 2:19.461,,19
379,44,3.331 2:16.377,,19
380,19,4.099 2:15.431,,19
381,8,5.044 2:14.540,,19
382,27,5.261 2:12.698,,19
383,77,5.873 2:12.091,,19
384,30,6.490 2:10.486,,19
385,11,7.283 2:10.119,,19
386,9,8.253 2:07.300,,19
387,22,8.370 2:05.076,,19
388,12,9.085 2:04.244,,19
389,94,10.004 2:02.989,,19
390,20,10.856 2:00.667,,19
391,,,,19
392,,,,19
393,,,,19
394,5,,1:30.524,20
395,6,1.362,1:31.206,20
396,7,2.544,1:31.247,20
397,3,4.094,1:32.401,20
398,33,4.699,1:32.776,20
399,55,5.468,1:32.933,20
400,44,6.188,1:33.381,20
401,19,7.351,1:33.776,20
402,8,8.318,1:33.798,20
403,27,9.212,1:34.475,20
404,77,9.675,1:34.326,20
405,30,10.488,1:34.522,20
406,11,10.907,1:34.148,20
407,22,11.059,1:33.213,20
408,9,14.835,1:37.106,20
409,12,15.253,1:36.692,20
410,94,15.701,1:36.221,20
411,20,16.333,1:36.001,20
412,,,,20
413,,,,20
414,,,,20
415,5,,1:30.374,21
416,6,1.545,1:30.557,21
417,7,2.871,1:30.701,21
418,3,5.190,1:31.470,21
419,33,6.065,1:31.740,21
420,55,6.819,1:31.725,21
421,44,7.582,1:31.768,21
422,19,9.793,1:32.816,21
423,8,11.054,1:33.110,21
424,27,12.352,1:33.514,21
425,77,13.027,1:33.726,21
426,30,14.035,1:33.921,21
427,22,14.510,1:33.825,21
428,11,15.276,1:34.743,21
429,9,18.987,1:34.526,21
430,12,19.616,1:34.737,21
431,20,21.513,1:35.554,21
432,94,22.083,1:36.756,21
433,5,,1:30.207,22
434,6,2.026,1:30.688,22
435,3,6.428,1:31.445,22
436,33,7.455,1:31.597,22
437,55,8.356,1:31.744,22
438,44,9.103,1:31.728,22
439,19,12.497,1:32.911,22
440,8,14.112,1:33.265,22
441,27,15.472,1:33.327,22
442,77,16.183,1:33.363,22
443,30,17.588,1:33.760,22
444,22,18.213,1:33.910,22
445,11,19.125,1:34.056,22
446,9,23.389,1:34.609,22
447,12,23.894,1:34.485,22
448,20,24.759,1:33.453,22
449,94,26.072,1:34.196,22
450,,,,22
451,5,,1:29.951,23
452,6,3.014,1:30.939,23
453,3,7.755,1:31.278,23
454,33,9.189,1:31.685,23
455,55,10.076,1:31.671,23
456,44,10.936,1:31.784,23
457,19,15.306,1:32.760,23
458,8,17.482,1:33.321,23
459,27,19.046,1:33.525,23
460,77,19.501,1:33.269,23
461,30,21.186,1:33.549,23
462,22,22.113,1:33.851,23
463,11,22.850,1:33.676,23
464,9,28.499,1:35.061,23
465,12,28.944,1:35.001,23
466,20,29.632,1:34.824,23
467,94,30.396,1:34.275,23
468,,,,23
469,5,,1:30.185,24
470,6,3.730,1:30.901,24
471,3,9.023,1:31.453,24
472,33,11.046,1:32.042,24
473,55,12.009,1:32.118,24
474,44,12.633,1:31.882,24
475,19,17.896,1:32.775,24
476,8,20.789,1:33.492,24
477,27,22.392,1:33.531,24
478,77,22.702,1:33.386,24
479,30,24.629,1:33.628,24
480,22,26.049,1:34.121,24
481,11,26.993,1:34.328,24
482,9,33.147,1:34.833,24
483,12,33.633,1:34.874,24
484,20,34.260,1:34.813,24
485,94,35.135,1:34.924,24
486,,,,24
487,5,,1:30.719,25
488,6,3.940,1:30.929,25
489,3,9.821,1:31.517,25
490,33,12.501,1:32.174,25
491,55,13.456,1:32.166,25
492,44,14.294,1:32.380,25
493,19,19.980,1:32.803,25
494,8,24.166,1:34.096,25
495,27,25.067,1:33.394,25
496,77,25.705,1:33.722,25
497,30,27.607,1:33.697,25
498,22,29.623,1:34.293,25
499,11,30.226,1:33.952,25
500,9,37.197,1:34.769,25
501,20,39.133,1:35.592,25
502,94,40.205,1:35.789,25
503,12,40.971,1:38.057,25
504,,,,25
505,5,,1:31.764,26
506,6,3.107,1:30.931,26
507,3,9.902,1:31.845,26
508,33,12.917,1:32.180,26
509,55,14.041,1:32.349,26
510,44,14.669,1:32.139,26
511,19,20.746,1:32.530,26
512,8,25.829,1:33.427,26
513,27,26.949,1:33.646,26
514,77,27.337,1:33.396,26
515,30,29.480,1:33.637,26
516,22,32.387,1:34.528,26
517,11,32.842,1:34.380,26
518,9,40.449,1:35.016,26
519,20,42.018,1:34.649,26
520,94,43.005,1:34.564,26
521,12,44.476,1:35.269,26
522,5,,1:31.454,27
523,6,3.022,1:31.369,27
524,3,10.402,1:31.954,27
525,33,13.814,1:32.351,27
526,55,15.204,1:32.617,27
527,44,15.822,1:32.607,27
528,19,22.344,1:33.052,27
529,8,28.171,1:33.796,27
530,27,28.937,1:33.442,27
531,77,29.727,1:33.844,27
532,30,31.986,1:33.960,27
533,22,35.370,1:34.437,27
534,11,35.737,1:34.349,27
535,20,45.126,1:34.562,27
536,94,46.648,1:35.097,27
537,12,47.691,1:34.669,27
538,9,PIT,1:48.103,27
539,5,,1:31.507,28
540,6,3.206,1:31.691,28
541,3,10.789,1:31.894,28
542,33,14.656,1:32.349,28
543,55,16.114,1:32.417,28
544,44,16.831,1:32.516,28
545,19,23.649,1:32.812,28
546,8,30.118,1:33.454,28
547,27,30.916,1:33.486,28
548,77,31.492,1:33.272,28
549,30,33.978,1:33.499,28
550,11,38.632,1:34.402,28
551,22,39.735,1:35.872,28
552,20,47.631,1:34.012,28
553,94,49.647,1:34.506,28
554,12,51.042,1:34.858,28
555,9,68.043,1:42.452,28
556,5,,1:31.809,29
557,6,3.296,1:31.899,29
558,3,11.024,1:32.044,29
559,33,15.229,1:32.382,29
560,55,16.841,1:32.536,29
561,44,17.481,1:32.459,29
562,19,24.637,1:32.797,29
563,8,31.757,1:33.448,29
564,27,32.857,1:33.750,29
565,77,33.370,1:33.687,29
566,30,35.695,1:33.526,29
567,11,40.086,1:33.263,29
568,22,43.355,1:35.429,29
569,20,49.549,1:33.727,29
570,94,52.440,1:34.602,29
571,12,53.654,1:34.421,29
572,9,70.856,1:34.622,29
573,5,,1:32.003,30
574,6,3.093,1:31.800,30
575,3,11.246,1:32.225,30
576,33,15.583,1:32.357,30
577,55,17.532,1:32.694,30
578,44,18.103,1:32.625,30
579,19,25.585,1:32.951,30
580,8,33.310,1:33.556,30
581,27,34.171,1:33.317,30
582,77,35.071,1:33.704,30
583,30,37.257,1:33.565,30
584,11,41.025,1:32.942,30
585,20,51.085,1:33.539,30
586,94,55.270,1:34.833,30
587,12,56.100,1:34.449,30
588,22,PIT,1:53.550,30
589,9,73.389,1:34.536,30
590,5,,1:32.228,31
591,6,2.750,1:31.885,31
592,3,11.483,1:32.465,31
593,33,16.307,1:32.952,31
594,44,19.689,1:33.814,31
595,19,25.918,1:32.561,31
596,8,34.302,1:33.220,31
597,27,35.545,1:33.602,31
598,77,36.326,1:33.483,31
599,55,PIT,1:53.053,31
600,30,38.468,1:33.439,31
601,11,41.849,1:33.052,31
602,20,52.365,1:33.508,31
603,94,57.322,1:34.280,31
604,12,58.026,1:34.154,31
605,22,70.440,1:37.766,31
606,9,75.664,1:34.503,31
607,5,,1:32.227,32
608,6,2.336,1:31.813,32
609,3,11.792,1:32.536,32
610,44,18.866,1:31.404,32
611,19,26.432,1:32.741,32
612,8,35.714,1:33.639,32
613,27,36.935,1:33.617,32
614,77,37.608,1:33.509,32
615,30,40.699,1:34.458,32
616,33,PIT,1:58.684,32
617,11,43.112,1:33.490,32
618,55,43.463,1:37.333,32
619,20,53.723,1:33.585,32
620,12,60.221,1:34.422,32
621,22,69.898,1:31.685,32
622,9,78.650,1:35.213,32
623,94,PIT,1:54.777,32
624,5,,1:32.795,33
625,6,1.656,1:32.115,33
626,3,11.416,1:32.419,33
627,44,17.032,1:30.961,33
628,19,26.603,1:32.966,33
629,8,36.246,1:33.327,33
630,27,37.351,1:33.211,33
631,77,38.352,1:33.539,33
632,30,41.441,1:33.537,33
633,55,43.377,1:32.709,33
634,11,45.111,1:34.794,33
635,33,46.892,1:36.923,33
636,20,54.766,1:33.838,33
637,12,60.818,1:33.392,33
638,22,68.787,1:31.684,33
639,9,80.762,1:34.907,33
640,94,88.374,1:41.297,33
641,5,,1:32.937,34
642,6,1.404,1:32.685,34
643,3,10.612,1:32.133,34
644,44,15.165,1:31.070,34
645,19,26.602,1:32.936,34
646,8,36.829,1:33.520,34
647,27,37.793,1:33.379,34
648,77,38.454,1:33.039,34
649,30,42.366,1:33.862,34
650,55,42.770,1:32.330,34
651,33,46.569,1:32.614,34
652,11,47.114,1:34.940,34
653,20,55.547,1:33.718,34
654,12,61.498,1:33.617,34
655,22,67.870,1:32.020,34
656,9,82.220,1:34.395,34
657,94,88.110,1:32.673,34
658,6,,1:32.679,35
659,3,8.447,1:31.918,35
660,44,12.476,1:31.394,35
661,5,PIT,1:53.109,35
662,19,25.251,1:32.732,35
663,8,36.134,1:33.388,35
664,27,37.013,1:33.303,35
665,77,37.636,1:33.265,35
666,30,42.305,1:34.022,35
667,55,42.618,1:33.931,35
668,33,44.828,1:32.342,35
669,11,46.919,1:33.888,35
670,20,54.770,1:33.306,35
671,12,61.110,1:33.695,35
672,22,65.894,1:32.107,35
673,9,82.451,1:34.314,35
674,94,86.999,1:32.972,35
675,6,,1:31.982,36
676,3,8.403,1:31.938,36
677,44,11.475,1:30.981,36
678,5,21.791,1:34.747,36
679,19,26.049,1:32.780,36
680,8,37.162,1:33.010,36
681,27,38.200,1:33.169,36
682,77,38.863,1:33.209,36
683,30,44.434,1:34.111,36
684,55,44.809,1:34.173,36
685,33,45.449,1:32.603,36
686,11,48.044,1:33.107,36
687,20,55.792,1:33.004,36
688,12,62.535,1:33.407,36
689,22,66.108,1:32.196,36
690,9,84.906,1:34.437,36
691,94,88.081,1:33.064,36
692,6,,1:31.755,37
693,3,8.591,1:31.943,37
694,44,10.997,1:31.277,37
695,5,20.287,1:30.251,37
696,19,26.598,1:32.304,37
697,8,38.618,1:33.211,37
698,27,39.882,1:33.437,37
699,77,40.407,1:33.299,37
700,30,46.130,1:33.451,37
701,55,46.371,1:33.317,37
702,33,47.043,1:33.349,37
703,11,49.848,1:33.559,37
704,20,56.826,1:32.789,37
705,12,64.032,1:33.252,37
706,22,66.353,1:32.000,37
707,9,87.268,1:34.117,37
708,94,90.008,1:33.682,37
709,6,,1:31.668,38
710,3,9.045,1:32.122,38
711,44,10.914,1:31.585,38
712,5,19.231,1:30.612,38
713,19,27.355,1:32.425,38
714,8,40.335,1:33.385,38
715,27,41.846,1:33.632,38
716,77,42.274,1:33.535,38
717,30,48.410,1:33.948,38
718,55,48.819,1:34.116,38
719,33,49.275,1:33.900,38
720,11,51.472,1:33.292,38
721,20,57.941,1:32.783,38
722,12,65.882,1:33.518,38
723,22,67.030,1:32.345,38
724,9,89.690,1:34.090,38
725,,,,38
726,6,,1:32.137,39
727,94,1 LAP,1:35.761,39
728,3,9.172,1:32.264,39
729,44,10.211,1:31.434,39
730,5,17.721,1:30.627,39
731,19,27.506,1:32.288,39
732,8,41.337,1:33.139,39
733,27,42.772,1:33.063,39
734,77,43.371,1:33.234,39
735,30,49.325,1:33.052,39
736,55,49.712,1:33.030,39
737,33,50.320,1:33.182,39
738,11,52.115,1:32.780,39
739,20,58.595,1:32.791,39
740,12,66.810,1:33.065,39
741,22,67.392,1:32.499,39
742,,,,39
743,6,,1:31.651,40
744,94,1 LAP,1:33.994,40
745,3,9.640,1:32.119,40
746,44,10.348,1:31.788,40
747,5,17.134,1:31.064,40
748,19,28.454,1:32.599,40
749,8,43.308,1:33.622,40
750,27,44.628,1:33.507,40
751,77,45.093,1:33.373,40
752,30,51.182,1:33.508,40
753,55,51.808,1:33.747,40
754,33,52.306,1:33.637,40
755,11,54.178,1:33.714,40
756,20,60.188,1:33.244,40
757,12,68.552,1:33.393,40
758,22,69.034,1:33.293,40
759,,,,40
760,6,,1:32.506,41
761,94,1 LAP,1:34.316,41
762,3,9.989,1:32.855,41
763,44,10.261,1:32.419,41
764,5,15.848,1:31.220,41
765,19,28.465,1:32.517,41
766,8,43.736,1:32.934,41
767,27,45.115,1:32.993,41
768,77,45.803,1:33.216,41
769,30,51.961,1:33.285,41
770,55,52.268,1:32.966,41
771,33,52.943,1:33.143,41
772,11,55.172,1:33.500,41
773,20,61.002,1:33.320,41
774,12,69.398,1:33.352,41
775,22,70.115,1:33.587,41
776,6,,1:31.467,42
777,94,1 LAP,1:35.147,42
778,44,9.997,1:31.203,42
779,5,15.485,1:31.104,42
780,19,29.746,1:32.748,42
781,3,PIT,1:51.355,42
782,8,45.476,1:33.207,42
783,27,46.723,1:33.075,42
784,77,47.482,1:33.146,42
785,55,53.079,1:32.278,42
786,33,53.938,1:32.462,42
787,30,55.844,1:35.350,42
788,11,56.989,1:33.284,42
789,20,62.300,1:32.765,42
790,12,71.205,1:33.274,42
791,22,71.895,1:33.247,42
792,6,,1:31.070,43
793,44,9.735,1:30.808,43
794,94,1 LAP,1:36.344,43
795,5,15.229,1:30.814,43
796,19,31.386,1:32.710,43
797,3,36.233,1:37.426,43
798,8,47.886,1:33.480,43
799,27,48.870,1:33.217,43
800,77,49.532,1:33.120,43
801,55,53.814,1:31.805,43
802,33,54.922,1:32.054,43
803,30,58.188,1:33.414,43
804,11,58.965,1:33.046,43
805,20,63.945,1:32.715,43
806,12,72.976,1:32.841,43
807,22,73.687,1:32.862,43
808,6,,1:30.854,44
809,44,9.937,1:31.056,44
810,5,15.571,1:31.196,44
811,94,1 LAP,1:36.021,44
812,19,33.609,1:33.077,44
813,3,35.427,1:30.048,44
814,8,50.080,1:33.048,44
815,27,51.188,1:33.172,44
816,77,51.716,1:33.038,44
817,55,54.719,1:31.759,44
818,33,55.584,1:31.516,44
819,30,60.968,1:33.634,44
820,11,61.901,1:33.790,44
821,20,66.107,1:33.016,44
822,12,75.338,1:33.216,44
823,22,75.995,1:33.162,44
824,6,,1:30.812,45
825,44,10.703,1:31.578,45
826,5,15.538,1:30.779,45
827,94,1 LAP,1:34.458,45
828,19,35.634,1:32.837,45
829,3,35.753,1:31.138,45
830,8,52.400,1:33.132,45
831,27,53.552,1:33.176,45
832,77,54.040,1:33.136,45
833,55,55.720,1:31.813,45
834,33,56.767,1:31.995,45
835,30,63.330,1:33.174,45
836,11,64.245,1:33.156,45
837,20,67.747,1:32.452,45
838,12,77.636,1:33.110,45
839,22,78.261,1:33.078,45
840,6,,1:31.415,46
841,44,10.491,1:31.203,46
842,5,14.848,1:30.725,46
843,94,1 LAP,1:35.023,46
844,3,34.303,1:29.965,46
845,19,37.668,1:33.449,46
846,8,54.026,1:33.041,46
847,27,55.581,1:33.444,46
848,77,55.984,1:33.359,46
849,55,56.589,1:32.284,46
850,33,57.421,1:32.069,46
851,30,65.064,1:33.149,46
852,11,66.271,1:33.441,46
853,20,69.129,1:32.797,46
854,12,79.250,1:33.029,46
855,22,79.802,1:32.956,46
856,6,,1:31.222,47
857,44,10.321,1:31.052,47
858,5,14.216,1:30.590,47
859,94,1 LAP,1:35.005,47
860,3,32.547,1:29.466,47
861,19,39.339,1:32.893,47
862,8,55.745,1:32.941,47
863,27,57.285,1:32.926,47
864,77,58.054,1:33.292,47
865,55,58.477,1:33.110,47
866,33,59.201,1:33.002,47
867,30,67.111,1:33.269,47
868,11,68.413,1:33.364,47
869,20,70.366,1:32.459,47
870,12,80.800,1:32.772,47
871,22,81.516,1:32.936,47
872,6,,1:31.300,48
873,44,9.667,1:30.646,48
874,5,13.379,1:30.463,48
875,3,30.667,1:29.420,48
876,94,1 LAP,1:36.832,48
877,19,41.207,1:33.168,48
878,8,57.307,1:32.862,48
879,27,58.932,1:32.947,48
880,77,59.662,1:32.908,48
881,55,60.249,1:33.072,48
882,33,60.792,1:32.891,48
883,30,68.997,1:33.186,48
884,11,70.407,1:33.294,48
885,20,71.881,1:32.815,48
886,12,82.211,1:32.711,48
887,22,82.967,1:32.751,48
888,6,,1:31.811,49
889,44,8.540,1:30.684,49
890,5,11.839,1:30.271,49
891,3,27.853,1:28.997,49
892,94,1 LAP,1:35.026,49
893,19,42.486,1:33.090,49
894,8,58.419,1:32.923,49
895,27,59.954,1:32.833,49
896,77,60.837,1:32.986,49
897,55,61.287,1:32.849,49
898,33,61.974,1:32.993,49
899,30,70.489,1:33.303,49
900,11,72.051,1:33.455,49
901,20,73.093,1:33.023,49
902,12,83.390,1:32.990,49
903,22,83.997,1:32.841,49
904,6,,1:31.000,50
905,44,8.453,1:30.913,50
906,5,11.007,1:30.168,50
907,3,26.160,1:29.307,50
908,19,45.237,1:33.751,50
909,94,1 LAP,1:38.154,50
910,8,60.378,1:32.959,50
911,27,61.796,1:32.842,50
912,77,62.817,1:32.980,50
913,55,63.222,1:32.935,50
914,33,63.791,1:32.817,50
915,30,72.692,1:33.203,50
916,11,74.585,1:33.534,50
917,20,75.949,1:33.856,50
918,12,85.370,1:32.980,50
919,22,85.948,1:32.951,50
920,6,,1:30.703,51
921,44,9.823,1:32.073,51
922,5,10.441,1:30.137,51
923,3,25.756,1:30.299,51
924,19,47.614,1:33.080,51
925,94,1 LAP,1:35.044,51
926,8,62.571,1:32.896,51
927,27,64.155,1:33.062,51
928,77,64.839,1:32.725,51
929,55,65.257,1:32.738,51
930,33,65.922,1:32.834,51
931,30,75.160,1:33.171,51
932,11,76.928,1:33.046,51
933,20,78.095,1:32.849,51
934,12,87.428,1:32.761,51
935,22,88.007,1:32.762,51
936,6,,1:30.978,52
937,44,9.951,1:31.106,52
938,5,10.725,1:31.262,52
939,3,25.143,1:30.365,52
940,19,49.854,1:33.218,52
941,94,1 LAP,1:35.305,52
942,8,64.719,1:33.126,52
943,27,66.750,1:33.573,52
944,77,67.250,1:33.389,52
945,55,68.271,1:33.992,52
946,33,73.967,1:39.023,52
947,30,77.397,1:33.215,52
948,11,79.258,1:33.308,52
949,20,80.301,1:33.184,52
950,12,89.363,1:32.913,52
951,22,90.133,1:33.104,52
952,6,,1:31.813,53
953,44,8.995,1:30.857,53
954,5,9.577,1:30.665,53
955,3,23.720,1:30.390,53
956,19,51.655,1:33.614,53
957,94,1 LAP,1:37.491,53
958,8,66.124,1:33.218,53
959,27,68.406,1:33.469,53
960,77,69.147,1:33.710,53
961,55,69.626,1:33.168,53
962,33,73.849,1:31.695,53
963,30,78.824,1:33.240,53
964,11,80.701,1:33.256,53
965,20,81.495,1:33.007,53
966,12,90.318,1:32.768,53
967,,,,53
968,6,,1:32.179,54
969,22,1 LAP,1:34.490,54
970,44,7.860,1:31.044,54
971,5,8.305,1:30.907,54
972,3,22.494,1:30.953,54
973,19,53.098,1:33.622,54
974,94,1 LAP,1:37.817,54
975,8,67.547,1:33.602,54
976,27,69.829,1:33.602,54
977,77,70.663,1:33.695,54
978,55,71.029,1:33.582,54
979,33,73.415,1:31.745,54
980,30,79.829,1:33.184,54
981,11,82.279,1:33.757,54
982,20,82.886,1:33.570,54
983,,,,54
984,6,,1:32.350,55
985,12,1 LAP,1:34.267,55
986,22,1 LAP,1:32.715,55
987,44,6.676,1:31.166,55
988,5,11.194,1:35.239,55
989,3,21.920,1:31.776,55
990,19,54.566,1:33.818,55
991,8,68.665,1:33.468,55
992,27,71.073,1:33.594,55
993,77,72.028,1:33.715,55
994,55,73.032,1:34.353,55
995,33,73.852,1:32.787,55
996,94,1 LAP,1:42.631,55
997,30,80.726,1:33.247,55
998,20,83.778,1:33.242,55
999,11,86.288,1:36.359,55
