,NO,GAP,TIME,LAP,race_id
0,5,0,1:34.380,1,17
1,7,2.431,1:36.811,1,17
2,77,4.314,1:38.694,1,17
3,33,6.775,1:41.155,1,17
4,44,8.234,1:42.614,1,17
5,55,9.770,1:44.150,1,17
6,14,11.768,1:46.148,1,17
7,11,12.619,1:46.999,1,17
8,2,14.501,1:48.881,1,17
9,31,15.387,1:49.767,1,17
10,30,16.656,1:51.036,1,17
11,27,17.742,1:52.122,1,17
12,20,18.533,1:52.913,1,17
13,26,20.227,1:54.607,1,17
14,18,20.906,1:55.286,1,17
15,8,21.879,1:56.259,1,17
16,9,PIT,1:56.492,1,17
17,94,22.727,1:57.107,1,17
18,40,24.098,1:58.478,1,17
19,5,0,2:16.819,2,17
20,7,0.932,2:15.320,2,17
21,77,2.258,2:14.763,2,17
22,33,3.835,2:13.879,2,17
23,44,5.790,2:14.375,2,17
24,55,6.793,2:13.842,2,17
25,14,8.061,2:13.112,2,17
26,11,8.626,2:12.826,2,17
27,2,10.664,2:12.982,2,17
28,31,11.341,2:12.773,2,17
29,30,12.557,2:12.720,2,17
30,27,13.565,2:12.642,2,17
31,20,14.252,2:12.538,2,17
32,26,15.163,2:11.755,2,17
33,18,16.213,2:12.126,2,17
34,8,17.296,2:12.236,2,17
35,94,18.865,2:12.957,2,17
36,40,19.764,2:12.485,2,17
37,9,22.093,2:16.800,2,17
38,5,0,2:11.513,3,17
39,7,1.539,2:12.120,3,17
40,77,3.083,2:12.338,3,17
41,33,4.548,2:12.226,3,17
42,44,6.713,2:12.436,3,17
43,55,8.275,2:12.995,3,17
44,14,9.102,2:12.554,3,17
45,11,10.020,2:12.907,3,17
46,2,10.990,2:11.839,3,17
47,31,11.820,2:11.992,3,17
48,30,13.009,2:11.965,3,17
49,27,13.999,2:11.947,3,17
50,20,14.841,2:12.102,3,17
51,26,15.739,2:12.089,3,17
52,18,16.516,2:11.816,3,17
53,8,18.269,2:12.486,3,17
54,94,PIT,2:10.986,3,17
55,40,19.548,2:11.297,3,17
56,9,21.282,2:10.702,3,17
57,5,0,2:10.155,4,17
58,7,1.087,2:09.703,4,17
59,77,2.507,2:09.579,4,17
60,33,3.426,2:09.033,4,17
61,44,5.746,2:09.188,4,17
62,55,7.782,2:09.662,4,17
63,14,8.927,2:09.980,4,17
64,11,10.006,2:10.141,4,17
65,2,10.896,2:10.061,4,17
66,31,11.537,2:09.872,4,17
67,30,13.011,2:10.157,4,17
68,27,14.012,2:10.168,4,17
69,20,14.861,2:10.175,4,17
70,26,15.817,2:10.233,4,17
71,18,16.685,2:10.324,4,17
72,8,17.959,2:09.845,4,17
73,40,19.170,2:09.777,4,17
74,9,20.738,2:09.611,4,17
75,94,21.554,2:13.371,4,17
76,5,0,2:07.597,5,17
77,7,0.720,2:07.230,5,17
78,77,1.277,2:06.367,5,17
79,33,1.843,2:06.014,5,17
80,44,2.076,2:03.927,5,17
81,55,2.769,2:02.584,5,17
82,14,2.845,2:01.515,5,17
83,11,3.332,2:00.923,5,17
84,2,3.683,2:00.384,5,17
85,31,4.113,2:00.173,5,17
86,30,4.606,1:59.192,5,17
87,27,5.058,1:58.643,5,17
88,20,5.543,1:58.279,5,17
89,26,5.976,1:57.756,5,17
90,18,6.482,1:57.394,5,17
91,8,6.600,1:56.238,5,17
92,40,7.207,1:55.634,5,17
93,9,7.587,1:54.446,5,17
94,94,7.989,1:54.032,5,17
95,5,0,1:23.137,6,17
96,7,1.290,1:23.707,6,17
97,77,2.624,1:24.484,6,17
98,33,3.599,1:24.893,6,17
99,44,4.551,1:25.612,6,17
100,55,5.842,1:26.210,6,17
101,14,6.663,1:26.955,6,17
102,11,7.368,1:27.173,6,17
103,2,8.141,1:27.595,6,17
104,31,8.797,1:27.821,6,17
105,30,9.457,1:27.988,6,17
106,27,9.839,1:27.918,6,17
107,20,10.572,1:28.166,6,17
108,26,11.313,1:28.474,6,17
109,18,11.860,1:28.515,6,17
110,8,12.642,1:29.179,6,17
111,40,13.470,1:29.400,6,17
112,9,13.796,1:29.346,6,17
113,94,14.071,1:29.219,6,17
114,5,0,1:22.661,7,17
115,7,1.886,1:23.257,7,17
116,77,3.735,1:23.772,7,17
117,33,4.963,1:24.025,7,17
118,44,6.539,1:24.649,7,17
119,55,8.287,1:25.106,7,17
120,14,9.653,1:25.651,7,17
121,11,10.545,1:25.838,7,17
122,2,11.571,1:26.091,7,17
123,31,12.536,1:26.400,7,17
124,30,13.107,1:26.311,7,17
125,27,13.578,1:26.400,7,17
126,20,14.595,1:26.684,7,17
127,26,15.447,1:26.795,7,17
128,18,16.008,1:26.809,7,17
129,8,16.769,1:26.788,7,17
130,40,17.982,1:27.173,7,17
131,94,18.966,1:27.556,7,17
132,9,19.788,1:28.653,7,17
133,5,0,1:22.512,8,17
134,7,2.467,1:23.093,8,17
135,77,4.847,1:23.624,8,17
136,33,6.151,1:23.700,8,17
137,44,7.989,1:23.962,8,17
138,55,10.781,1:25.006,8,17
139,14,12.586,1:25.445,8,17
140,11,13.632,1:25.599,8,17
141,2,14.582,1:25.523,8,17
142,31,15.787,1:25.763,8,17
143,30,16.377,1:25.782,8,17
144,27,17.083,1:26.017,8,17
145,20,18.305,1:26.222,8,17
146,26,19.233,1:26.298,8,17
147,18,19.847,1:26.351,8,17
148,8,20.656,1:26.399,8,17
149,40,22.370,1:26.900,8,17
150,94,23.377,1:26.923,8,17
151,9,24.284,1:27.008,8,17
152,5,0,1:22.457,9,17
153,7,2.760,1:22.750,9,17
154,77,5.789,1:23.399,9,17
155,33,7.270,1:23.576,9,17
156,44,9.409,1:23.877,9,17
157,55,13.182,1:24.858,9,17
158,14,15.104,1:24.975,9,17
159,11,16.284,1:25.109,9,17
160,2,17.201,1:25.076,9,17
161,31,18.442,1:25.112,9,17
162,30,19.268,1:25.348,9,17
163,27,20.066,1:25.440,9,17
164,20,21.847,1:25.999,9,17
165,26,22.782,1:26.006,9,17
166,18,23.659,1:26.269,9,17
167,8,24.353,1:26.154,9,17
168,40,26.413,1:26.500,9,17
169,94,27.595,1:26.675,9,17
170,9,28.386,1:26.559,9,17
171,5,0,1:22.255,10,17
172,7,2.961,1:22.456,10,17
173,77,6.859,1:23.325,10,17
174,33,8.250,1:23.235,10,17
175,44,10.649,1:23.495,10,17
176,55,15.440,1:24.513,10,17
177,14,17.622,1:24.773,10,17
178,11,18.766,1:24.737,10,17
179,2,19.727,1:24.781,10,17
180,31,20.996,1:24.809,10,17
181,30,21.905,1:24.892,10,17
182,27,22.659,1:24.848,10,17
183,20,25.043,1:25.451,10,17
184,26,26.067,1:25.540,10,17
185,18,26.897,1:25.493,10,17
186,8,27.970,1:25.872,10,17
187,40,30.132,1:25.974,10,17
188,94,31.711,1:26.371,10,17
189,9,32.549,1:26.418,10,17
190,5,0,1:22.764,11,17
191,7,2.777,1:22.580,11,17
192,77,7.635,1:23.540,11,17
193,33,9.082,1:23.596,11,17
194,44,11.291,1:23.406,11,17
195,55,16.669,1:23.993,11,17
196,14,19.723,1:24.865,11,17
197,11,20.830,1:24.828,11,17
198,2,21.807,1:24.844,11,17
199,31,23.419,1:25.187,11,17
200,30,24.308,1:25.167,11,17
201,27,25.123,1:25.228,11,17
202,20,27.731,1:25.452,11,17
203,26,28.712,1:25.409,11,17
204,18,29.734,1:25.601,11,17
205,8,30.754,1:25.548,11,17
206,40,33.003,1:25.635,11,17
207,94,34.984,1:26.037,11,17
208,9,35.945,1:26.160,11,17
209,5,0,1:22.626,12,17
210,7,3.318,1:23.167,12,17
211,77,8.478,1:23.469,12,17
212,33,9.905,1:23.449,12,17
213,44,12.126,1:23.461,12,17
214,55,18.215,1:24.172,12,17
215,14,22.124,1:25.027,12,17
216,11,23.246,1:25.042,12,17
217,2,24.255,1:25.074,12,17
218,31,25.738,1:24.945,12,17
219,30,26.794,1:25.112,12,17
220,27,28.995,1:26.498,12,17
221,20,30.871,1:25.766,12,17
222,26,31.838,1:25.752,12,17
223,18,33.016,1:25.908,12,17
224,8,33.939,1:25.811,12,17
225,40,36.153,1:25.776,12,17
226,94,38.732,1:26.374,12,17
227,9,39.557,1:26.238,12,17
228,5,0,1:22.798,13,17
229,7,3.430,1:22.910,13,17
230,77,8.758,1:23.078,13,17
231,33,10.588,1:23.481,13,17
232,44,12.397,1:23.069,13,17
233,55,19.684,1:24.267,13,17
234,14,23.821,1:24.495,13,17
235,11,25.255,1:24.807,13,17
236,2,26.402,1:24.945,13,17
237,31,27.932,1:24.992,13,17
238,30,29.137,1:25.141,13,17
239,27,31.296,1:25.099,13,17
240,20,33.622,1:25.549,13,17
241,26,34.748,1:25.708,13,17
242,18,36.097,1:25.879,13,17
243,8,37.861,1:26.720,13,17
244,40,39.332,1:25.977,13,17
245,94,42.241,1:26.307,13,17
246,9,43.191,1:26.432,13,17
247,5,0,1:23.081,14,17
248,7,3.197,1:22.848,14,17
249,77,9.136,1:23.459,14,17
250,33,10.738,1:23.231,14,17
251,44,12.564,1:23.248,14,17
252,55,20.966,1:24.363,14,17
253,14,25.040,1:24.300,14,17
254,11,26.632,1:24.458,14,17
255,2,27.923,1:24.602,14,17
256,31,29.931,1:25.080,14,17
257,30,31.056,1:25.000,14,17
258,27,33.493,1:25.278,14,17
259,20,36.402,1:25.861,14,17
260,26,37.294,1:25.627,14,17
261,18,38.616,1:25.600,14,17
262,8,40.371,1:25.591,14,17
263,40,42.237,1:25.986,14,17
264,94,45.298,1:26.138,14,17
265,9,46.253,1:26.143,14,17
266,5,0,1:22.844,15,17
267,7,2.994,1:22.641,15,17
268,77,9.298,1:23.006,15,17
269,33,11.031,1:23.137,15,17
270,44,12.923,1:23.203,15,17
271,55,22.291,1:24.169,15,17
272,14,26.220,1:24.024,15,17
273,11,28.048,1:24.260,15,17
274,2,29.531,1:24.452,15,17
275,31,31.717,1:24.630,15,17
276,30,33.304,1:25.092,15,17
277,27,35.710,1:25.061,15,17
278,20,38.998,1:25.440,15,17
279,26,40.043,1:25.593,15,17
280,18,41.269,1:25.497,15,17
281,8,43.018,1:25.491,15,17
282,40,45.124,1:25.731,15,17
283,94,48.145,1:25.691,15,17
284,9,49.430,1:26.021,15,17
285,5,0,1:22.843,16,17
286,7,2.895,1:22.744,16,17
287,77,9.253,1:22.798,16,17
288,33,11.204,1:23.016,16,17
289,44,12.998,1:22.918,16,17
290,55,23.577,1:24.129,16,17
291,14,26.936,1:23.559,16,17
292,11,29.006,1:23.801,16,17
293,2,30.649,1:23.961,16,17
294,31,33.207,1:24.333,16,17
295,30,34.947,1:24.486,16,17
296,27,36.670,1:23.803,16,17
297,20,40.847,1:24.692,16,17
298,26,42.507,1:25.307,16,17
299,18,43.797,1:25.371,16,17
300,8,45.453,1:25.278,16,17
301,40,48.076,1:25.795,16,17
302,94,50.748,1:25.446,16,17
303,9,52.386,1:25.799,16,17
304,5,0,1:22.749,17,17
305,7,2.919,1:22.773,17,17
306,77,9.162,1:22.658,17,17
307,33,11.334,1:22.879,17,17
308,44,13.203,1:22.954,17,17
309,55,25.141,1:24.313,17,17
310,14,27.505,1:23.318,17,17
311,11,29.982,1:23.725,17,17
312,2,31.865,1:23.965,17,17
313,31,34.424,1:23.966,17,17
314,30,36.507,1:24.309,17,17
315,27,37.845,1:23.924,17,17
316,20,42.876,1:24.778,17,17
317,26,44.677,1:24.919,17,17
318,18,46.124,1:25.076,17,17
319,8,47.906,1:25.202,17,17
320,40,50.928,1:25.601,17,17
321,94,53.491,1:25.492,17,17
322,9,55.243,1:25.606,17,17
323,5,0,1:22.642,18,17
324,7,2.914,1:22.637,18,17
325,77,9.112,1:22.592,18,17
326,33,11.437,1:22.745,18,17
327,44,13.565,1:23.004,18,17
328,55,26.304,1:23.805,18,17
329,14,28.657,1:23.794,18,17
330,11,31.195,1:23.855,18,17
331,2,33.081,1:23.858,18,17
332,31,35.856,1:24.074,18,17
333,30,38.636,1:24.771,18,17
334,27,39.253,1:24.050,18,17
335,20,44.672,1:24.438,18,17
336,26,46.768,1:24.733,18,17
337,18,48.237,1:24.755,18,17
338,8,50.065,1:24.801,18,17
339,40,53.895,1:25.609,18,17
340,94,56.402,1:25.553,18,17
341,9,58.495,1:25.894,18,17
342,5,0,1:22.621,19,17
343,7,2.880,1:22.587,19,17
344,77,9.238,1:22.747,19,17
345,33,11.870,1:23.054,19,17
346,44,13.850,1:22.906,19,17
347,55,27.534,1:23.851,19,17
348,14,29.671,1:23.635,19,17
349,11,32.480,1:23.906,19,17
350,2,34.472,1:24.012,19,17
351,31,37.307,1:24.072,19,17
352,27,39.951,1:23.319,19,17
353,30,41.620,1:25.605,19,17
354,20,46.694,1:24.643,19,17
355,26,48.677,1:24.530,19,17
356,18,50.219,1:24.603,19,17
357,8,52.146,1:24.702,19,17
358,40,56.813,1:25.539,19,17
359,94,59.395,1:25.614,19,17
360,9,61.475,1:25.601,19,17
361,5,0,1:22.676,20,17
362,7,2.668,1:22.464,20,17
363,77,9.242,1:22.680,20,17
364,33,11.827,1:22.633,20,17
365,44,13.878,1:22.704,20,17
366,55,28.659,1:23.801,20,17
367,14,30.680,1:23.685,20,17
368,11,33.755,1:23.951,20,17
369,2,35.729,1:23.933,20,17
370,31,38.659,1:24.028,20,17
371,27,40.686,1:23.411,20,17
372,30,43.488,1:24.544,20,17
373,20,48.725,1:24.707,20,17
374,26,50.611,1:24.610,20,17
375,18,52.420,1:24.877,20,17
376,8,PIT,1:27.759,20,17
377,40,59.903,1:25.766,20,17
378,94,62.378,1:25.659,20,17
379,9,64.410,1:25.611,20,17
380,5,0,1:23.086,21,17
381,7,2.297,1:22.715,21,17
382,77,8.786,1:22.630,21,17
383,33,11.546,1:22.805,21,17
384,44,13.726,1:22.934,21,17
385,55,29.218,1:23.645,21,17
386,14,31.132,1:23.538,21,17
387,11,34.197,1:23.528,21,17
388,2,36.424,1:23.781,21,17
389,31,39.301,1:23.728,21,17
390,27,40.945,1:23.345,21,17
391,30,44.753,1:24.351,21,17
392,20,50.113,1:24.474,21,17
393,26,51.764,1:24.239,21,17
394,18,54.050,1:24.716,21,17
395,40,62.016,1:25.199,21,17
396,94,64.700,1:25.408,21,17
397,9,66.609,1:25.285,21,17
398,5,0,1:22.670,22,17
399,7,2.111,1:22.484,22,17
400,77,8.893,1:22.777,22,17
401,33,11.504,1:22.628,22,17
402,44,13.478,1:22.422,22,17
403,55,30.549,1:24.001,22,17
404,14,32.124,1:23.662,22,17
405,11,35.289,1:23.762,22,17
406,2,37.678,1:23.924,22,17
407,31,40.832,1:24.201,22,17
408,27,42.030,1:23.755,22,17
409,30,46.667,1:24.584,22,17
410,20,52.645,1:25.202,22,17
411,26,53.759,1:24.665,22,17
412,18,56.346,1:24.966,22,17
413,40,64.460,1:25.114,22,17
414,94,67.449,1:25.419,22,17
415,9,69.135,1:25.196,22,17
416,5,0,1:22.804,23,17
417,7,2.233,1:22.926,23,17
418,77,8.743,1:22.654,23,17
419,33,11.284,1:22.584,23,17
420,44,13.299,1:22.625,23,17
421,55,31.302,1:23.557,23,17
422,14,32.944,1:23.624,23,17
423,11,36.167,1:23.682,23,17
424,2,38.633,1:23.759,23,17
425,31,41.860,1:23.832,23,17
426,27,43.023,1:23.797,23,17
427,30,48.234,1:24.371,23,17
428,20,54.335,1:24.494,23,17
429,26,55.638,1:24.683,23,17
430,18,58.146,1:24.604,23,17
431,40,66.926,1:25.270,23,17
432,94,69.966,1:25.321,23,17
433,9,71.846,1:25.515,23,17
434,5,0,1:22.789,24,17
435,7,1.912,1:22.468,24,17
436,77,8.746,1:22.792,24,17
437,33,11.140,1:22.645,24,17
438,44,13.103,1:22.593,24,17
439,55,31.968,1:23.455,24,17
440,14,33.608,1:23.453,24,17
441,11,36.679,1:23.301,24,17
442,2,39.263,1:23.419,24,17
443,31,42.944,1:23.873,24,17
444,27,43.838,1:23.604,24,17
445,30,49.915,1:24.470,24,17
446,20,55.894,1:24.348,24,17
447,26,57.254,1:24.405,24,17
448,18,59.464,1:24.107,24,17
449,40,69.221,1:25.084,24,17
450,94,72.558,1:25.381,24,17
451,9,74.346,1:25.289,24,17
452,5,0,1:22.597,25,17
453,7,1.874,1:22.559,25,17
454,77,8.749,1:22.600,25,17
455,33,11.128,1:22.585,25,17
456,44,13.028,1:22.522,25,17
457,55,32.987,1:23.616,25,17
458,14,34.563,1:23.552,25,17
459,11,37.610,1:23.528,25,17
460,2,40.408,1:23.742,25,17
461,31,43.992,1:23.645,25,17
462,27,44.834,1:23.593,25,17
463,30,51.406,1:24.088,25,17
464,20,57.506,1:24.209,25,17
465,26,59.224,1:24.567,25,17
466,18,61.266,1:24.399,25,17
467,40,71.822,1:25.198,25,17
468,94,75.284,1:25.323,25,17
469,9,76.828,1:25.079,25,17
470,5,0,1:22.386,26,17
471,7,1.930,1:22.442,26,17
472,77,8.995,1:22.632,26,17
473,33,11.358,1:22.616,26,17
474,44,13.094,1:22.452,26,17
475,55,34.229,1:23.628,26,17
476,14,35.673,1:23.496,26,17
477,11,38.653,1:23.429,26,17
478,2,41.610,1:23.588,26,17
479,31,45.395,1:23.789,26,17
480,27,46.160,1:23.712,26,17
481,30,53.085,1:24.065,26,17
482,20,59.081,1:23.961,26,17
483,26,61.027,1:24.189,26,17
484,18,63.112,1:24.232,26,17
485,40,74.585,1:25.149,26,17
486,94,78.033,1:25.135,26,17
487,9,79.618,1:25.176,26,17
488,5,0,1:22.550,27,17
489,7,1.889,1:22.509,27,17
490,77,8.783,1:22.338,27,17
491,33,11.350,1:22.542,27,17
492,44,13.021,1:22.477,27,17
493,55,35.100,1:23.421,27,17
494,14,36.483,1:23.360,27,17
495,11,39.427,1:23.324,27,17
496,2,42.557,1:23.497,27,17
497,31,46.907,1:24.062,27,17
498,27,48.272,1:24.662,27,17
499,30,54.497,1:23.962,27,17
500,20,60.455,1:23.924,27,17
501,26,62.515,1:24.038,27,17
502,18,64.967,1:24.405,27,17
503,40,77.326,1:25.291,27,17
504,94,80.784,1:25.301,27,17
505,9,82.333,1:25.265,27,17
506,5,0,1:23.079,28,17
507,7,1.485,1:22.675,28,17
508,77,8.143,1:22.439,28,17
509,33,10.724,1:22.453,28,17
510,44,12.380,1:22.438,28,17
511,55,35.155,1:23.134,28,17
512,14,36.610,1:23.206,28,17
513,11,39.717,1:23.369,28,17
514,2,43.071,1:23.593,28,17
515,31,47.674,1:23.846,28,17
516,27,49.290,1:24.097,28,17
517,30,55.056,1:23.638,28,17
518,20,61.662,1:24.286,28,17
519,26,63.584,1:24.148,28,17
520,18,66.587,1:24.699,28,17
521,40,79.169,1:24.922,28,17
522,5,0,1:23.447,29,17
523,7,1.195,1:23.157,29,17
524,9,1 LAP,1:28.188,29,17
525,94,PIT,1:31.091,29,17
526,77,7.487,1:22.791,29,17
527,33,10.020,1:22.743,29,17
528,44,11.294,1:22.361,29,17
529,55,35.142,1:23.434,29,17
530,14,36.585,1:23.422,29,17
531,11,39.830,1:23.560,29,17
532,2,43.133,1:23.509,29,17
533,31,48.207,1:23.980,29,17
534,27,50.073,1:24.230,29,17
535,30,55.300,1:23.691,29,17
536,20,62.183,1:23.968,29,17
537,26,64.218,1:24.081,29,17
538,18,PIT,1:26.643,29,17
539,40,80.390,1:24.668,29,17
540,5,0,1:22.592,30,17
541,7,1.347,1:22.744,30,17
542,9,1 LAP,1:24.639,30,17
543,33,9.898,1:22.470,30,17
544,77,PIT,1:25.008,30,17
545,44,11.227,1:22.525,30,17
546,94,1 LAP,1:43.347,30,17
547,55,36.374,1:23.824,30,17
548,14,37.464,1:23.471,30,17
549,11,40.727,1:23.489,30,17
550,2,43.980,1:23.439,30,17
551,31,49.183,1:23.568,30,17
552,27,51.148,1:23.667,30,17
553,30,56.381,1:23.673,30,17
554,20,63.773,1:24.182,30,17
555,26,65.586,1:23.960,30,17
556,5,0,1:23.665,31,17
557,7,1.415,1:23.733,31,17
558,40,1 LAP,1:28.445,31,17
559,18,1 LAP,1:41.207,31,17
560,9,1 LAP,1:25.043,31,17
561,33,8.858,1:22.625,31,17
562,44,PIT,1:24.755,31,17
563,94,1 LAP,1:23.798,31,17
564,77,27.239,1:41.001,31,17
565,55,36.221,1:23.512,31,17
566,14,37.424,1:23.625,31,17
567,11,40.377,1:23.315,31,17
568,2,43.678,1:23.363,31,17
569,31,49.148,1:23.630,31,17
570,27,51.011,1:23.528,31,17
571,30,56.574,1:23.858,31,17
572,26,65.860,1:23.939,31,17
573,20,PIT,1:26.219,31,17
574,7,0,1:22.701,32,17
575,5,PIT,1:25.390,32,17
576,18,1 LAP,1:23.546,32,17
577,40,1 LAP,1:26.666,32,17
578,33,7.830,1:23.088,32,17
579,9,1 LAP,1:26.653,32,17
580,77,24.779,1:21.656,32,17
581,44,26.852,1:38.651,32,17
582,94,1 LAP,1:26.935,32,17
583,55,36.299,1:24.194,32,17
584,14,37.135,1:23.827,32,17
585,11,39.835,1:23.574,32,17
586,2,43.309,1:23.747,32,17
587,31,48.682,1:23.650,32,17
588,27,50.477,1:23.582,32,17
589,30,56.442,1:23.984,32,17
590,26,65.326,1:23.582,32,17
591,7,PIT,1:23.778,33,17
592,20,1 LAP,1:41.904,33,17
593,18,1 LAP,1:23.209,33,17
594,33,7.159,1:23.107,33,17
595,40,1 LAP,1:26.725,33,17
596,9,1 LAP,1:24.791,33,17
597,5,17.492,1:39.996,33,17
598,77,22.265,1:21.264,33,17
599,44,24.469,1:21.395,33,17
600,94,1 LAP,1:24.724,33,17
601,55,36.641,1:24.120,33,17
602,14,37.411,1:24.054,33,17
603,11,39.762,1:23.705,33,17
604,2,42.914,1:23.383,33,17
605,31,48.616,1:23.712,33,17
606,27,50.263,1:23.564,33,17
607,30,56.324,1:23.660,33,17
608,26,64.805,1:23.257,33,17
609,33,0,1:22.289,34,17
610,40,1 LAP,1:24.843,34,17
611,9,1 LAP,1:24.788,34,17
612,5,10.037,1:21.993,34,17
613,7,11.161,1:40.609,34,17
614,77,14.966,1:22.149,34,17
615,44,16.391,1:21.370,34,17
616,94,1 LAP,1:24.331,34,17
617,55,31.179,1:23.986,34,17
618,14,31.990,1:24.027,34,17
619,11,PIT,1:26.332,34,17
620,2,37.014,1:23.548,34,17
621,31,42.758,1:23.590,34,17
622,27,43.985,1:23.170,34,17
623,30,50.225,1:23.349,34,17
624,26,58.455,1:23.098,34,17
625,20,75.841,1:22.542,34,17
626,18,80.360,1:23.295,34,17
627,33,0,1:22.561,35,17
628,9,1 LAP,1:24.838,35,17
629,40,PIT,1:28.001,35,17
630,5,10.261,1:22.785,35,17
631,7,11.439,1:22.839,35,17
632,77,14.772,1:22.367,35,17
633,44,15.963,1:22.133,35,17
634,94,1 LAP,1:24.341,35,17
635,55,PIT,1:26.536,35,17
636,14,PIT,1:26.452,35,17
637,2,37.852,1:23.399,35,17
638,27,44.775,1:23.351,35,17
639,31,PIT,1:25.903,35,17
640,30,51.486,1:23.822,35,17
641,11,56.265,1:42.180,35,17
642,26,59.501,1:23.607,35,17
643,20,75.836,1:22.556,35,17
644,18,81.356,1:23.557,35,17
645,33,0,1:22.693,46,17
646,5,10.658,1:23.090,46,17
647,7,12.098,1:23.352,46,17
648,9,1 LAP,1:27.585,46,17
649,77,14.645,1:22.566,46,17
650,44,15.778,1:22.508,46,17
651,94,1 LAP,1:24.859,46,17
652,40,1 LAP,1:43.224,46,17
653,2,38.426,1:23.267,46,17
654,27,44.564,1:22.482,46,17
655,30,52.875,1:24.082,46,17
656,55,54.795,1:42.334,46,17
657,14,55.348,1:42.160,46,17
658,11,57.242,1:23.670,46,17
659,26,60.590,1:23.782,46,17
660,31,64.600,1:41.193,46,17
661,20,75.824,1:22.681,46,17
662,33,0,1:22.970,47,17
663,18,1 LAP,1:26.017,47,17
664,5,10.171,1:22.483,47,17
665,7,11.960,1:22.832,47,17
666,77,14.746,1:23.071,47,17
667,44,15.763,1:22.955,47,17
668,9,1 LAP,1:27.453,47,17
669,94,1 LAP,1:25.090,47,17
670,40,1 LAP,1:25.121,47,17
671,2,38.645,1:23.189,47,17
672,27,44.107,1:22.513,47,17
673,30,53.273,1:23.368,47,17
674,14,56.236,1:23.858,47,17
675,55,57.343,1:25.518,47,17
676,11,58.021,1:23.749,47,17
677,26,61.280,1:23.660,47,17
678,31,64.101,1:22.471,47,17
679,33,0,1:22.041,48,17
680,18,1 LAP,1:23.426,48,17
681,5,10.473,1:22.343,48,17
682,7,12.119,1:22.200,48,17
683,77,14.650,1:21.945,48,17
684,44,15.372,1:21.650,48,17
685,9,1 LAP,1:24.614,48,17
686,94,1 LAP,1:24.436,48,17
687,40,1 LAP,1:24.467,48,17
688,2,39.954,1:23.350,48,17
689,27,44.558,1:22.492,48,17
690,30,54.936,1:23.704,48,17
691,14,58.665,1:24.470,48,17
692,55,59.607,1:24.305,48,17
693,11,60.420,1:24.440,48,17
694,26,62.741,1:23.502,48,17
695,31,64.933,1:22.873,48,17
696,33,0,1:22.404,49,17
697,18,1 LAP,1:23.510,49,17
698,5,10.344,1:22.275,49,17
699,7,12.007,1:22.292,49,17
700,77,14.122,1:21.876,49,17
701,44,15.188,1:22.220,49,17
702,9,1 LAP,1:24.691,49,17
703,94,1 LAP,1:24.144,49,17
704,40,1 LAP,1:24.230,49,17
705,2,40.776,1:23.226,49,17
706,27,45.060,1:22.906,49,17
707,30,56.536,1:24.004,49,17
708,14,58.913,1:22.652,49,17
709,55,60.623,1:23.420,49,17
710,11,61.644,1:23.628,49,17
711,26,64.021,1:23.684,49,17
712,31,65.925,1:23.396,49,17
713,33,0,1:22.351,50,17
714,18,1 LAP,1:23.378,50,17
715,5,10.281,1:22.288,50,17
716,7,12.027,1:22.371,50,17
717,77,13.765,1:21.994,50,17
718,44,15.262,1:22.425,50,17
719,9,1 LAP,1:24.111,50,17
720,94,1 LAP,1:24.114,50,17
721,40,1 LAP,1:24.420,50,17
722,2,41.731,1:23.306,50,17
723,27,45.427,1:22.718,50,17
724,30,57.783,1:23.598,50,17
725,14,59.478,1:22.916,50,17
726,55,61.310,1:23.038,50,17
727,11,62.533,1:23.240,50,17
728,31,66.917,1:23.343,50,17
729,26,PIT,1:25.859,50,17
730,33,0,1:22.422,56,17
731,18,1 LAP,1:23.465,56,17
732,5,10.266,1:22.407,56,17
733,7,11.784,1:22.179,56,17
734,77,13.532,1:22.189,56,17
735,44,15.026,1:22.186,56,17
736,9,1 LAP,1:24.241,56,17
737,94,1 LAP,1:24.238,56,17
738,40,1 LAP,1:24.190,56,17
739,2,43.283,1:23.974,56,17
740,27,46.026,1:23.021,56,17
741,30,58.985,1:23.624,56,17
742,14,60.080,1:23.024,56,17
743,55,62.075,1:23.187,56,17
744,11,63.592,1:23.481,56,17
745,31,67.295,1:22.800,56,17
746,20,76.771,1:22.584,56,17
747,33,PIT,1:25.012,57,17
748,26,1 LAP,1:41.793,57,17
749,18,1 LAP,1:24.264,57,17
750,5,7.380,1:22.126,57,17
751,7,9.057,1:22.285,57,17
752,77,10.908,1:22.388,57,17
753,44,12.087,1:22.073,57,17
754,9,1 LAP,1:24.231,57,17
755,94,1 LAP,1:24.126,57,17
756,40,1 LAP,1:24.095,57,17
757,27,44.083,1:23.069,57,17
758,2,PIT,1:26.117,57,17
759,30,58.145,1:24.172,57,17
760,14,58.682,1:23.614,57,17
761,55,60.114,1:23.051,57,17
762,11,61.532,1:22.952,57,17
763,31,64.912,1:22.629,57,17
764,5,0,1:22.449,58,17
765,7,1.530,1:22.302,58,17
766,18,1 LAP,1:26.961,58,17
767,77,3.367,1:22.288,58,17
768,44,4.501,1:22.243,58,17
769,9,1 LAP,1:24.167,58,17
770,33,20.892,1:50.721,58,17
771,94,1 LAP,1:23.825,58,17
772,40,1 LAP,1:25.555,58,17
773,27,37.260,1:23.006,58,17
774,14,52.765,1:23.912,58,17
775,30,54.126,1:25.810,58,17
776,55,54.552,1:24.267,58,17
777,11,55.617,1:23.914,58,17
778,31,58.120,1:23.037,58,17
779,2,61.698,1:47.139,58,17
780,20,67.546,1:22.929,58,17
781,5,0,1:22.181,59,17
782,7,1.419,1:22.070,59,17
783,77,3.376,1:22.190,59,17
784,44,4.559,1:22.239,59,17
785,18,1 LAP,1:26.604,59,17
786,33,19.201,1:20.490,59,17
787,9,1 LAP,1:25.888,59,17
788,94,1 LAP,1:24.337,59,17
789,40,1 LAP,1:24.500,59,17
790,27,38.557,1:23.478,59,17
791,14,54.386,1:23.802,59,17
792,55,55.939,1:23.568,59,17
793,30,57.793,1:25.848,59,17
794,11,58.471,1:25.035,59,17
795,31,59.610,1:23.671,59,17
796,2,61.477,1:21.960,59,17
797,20,68.241,1:22.876,59,17
798,5,0,1:21.996,60,17
799,7,1.205,1:21.782,60,17
800,77,3.420,1:22.040,60,17
801,44,4.619,1:22.056,60,17
802,18,1 LAP,1:23.986,60,17
803,33,18.253,1:21.048,60,17
804,9,1 LAP,1:24.387,60,17
805,94,1 LAP,1:24.165,60,17
806,40,1 LAP,1:23.859,60,17
807,27,PIT,1:25.926,60,17
808,14,54.936,1:22.546,60,17
809,55,56.804,1:22.861,60,17
810,11,59.393,1:22.918,60,17
811,30,61.726,1:25.929,60,17
812,31,62.312,1:24.698,60,17
813,2,62.803,1:23.322,60,17
814,20,69.086,1:22.841,60,17
815,5,0,1:21.722,71,17
816,7,1.325,1:21.842,71,17
817,44,3.787,1:20.890,71,17
818,77,6.101,1:24.403,71,17
819,18,1 LAP,1:23.520,71,17
820,33,17.368,1:20.837,71,17
821,9,1 LAP,1:24.153,71,17
822,94,1 LAP,1:24.024,71,17
823,40,1 LAP,1:23.788,71,17
824,14,56.940,1:23.726,71,17
825,55,58.734,1:23.652,71,17
826,11,60.831,1:23.160,71,17
827,31,64.078,1:23.488,71,17
828,2,66.210,1:25.129,71,17
829,30,PIT,1:28.551,71,17
830,20,70.240,1:22.876,71,17
831,27,72.202,1:51.437,71,17
832,26,76.361,1:22.222,71,17
833,5,0,1:21.895,72,17
834,7,1.231,1:21.801,72,17
835,44,3.081,1:21.189,72,17
836,77,6.038,1:21.832,72,17
837,18,1 LAP,1:23.390,72,17
838,33,16.241,1:20.768,72,17
839,9,1 LAP,1:23.999,72,17
840,94,1 LAP,1:23.681,72,17
841,40,1 LAP,1:23.729,72,17
842,14,58.270,1:23.225,72,17
843,55,60.011,1:23.172,72,17
844,11,61.952,1:23.016,72,17
845,31,65.561,1:23.378,72,17
846,2,67.017,1:22.702,72,17
847,20,71.196,1:22.851,72,17
848,27,72.980,1:22.673,72,17
849,26,76.556,1:22.090,72,17
850,5,0,1:21.865,73,17
851,7,1.188,1:21.822,73,17
852,44,2.549,1:21.333,73,17
853,77,6.173,1:22.000,73,17
854,30,1 LAP,1:43.484,73,17
855,18,1 LAP,1:23.474,73,17
856,33,15.816,1:21.440,73,17
857,9,1 LAP,1:23.941,73,17
858,94,1 LAP,1:23.723,73,17
859,40,1 LAP,1:25.902,73,17
860,14,59.254,1:22.849,73,17
861,55,61.338,1:23.192,73,17
862,11,63.175,1:23.088,73,17
863,31,66.748,1:23.052,73,17
864,2,67.810,1:22.658,73,17
865,20,72.175,1:22.844,73,17
866,27,73.423,1:22.308,73,17
867,26,77.038,1:22.347,73,17
868,5,0,1:21.644,74,17
869,7,1.268,1:21.724,74,17
870,44,2.534,1:21.629,74,17
871,77,6.394,1:21.865,74,17
872,30,1 LAP,1:22.358,74,17
873,33,15.765,1:21.593,74,17
874,18,1 LAP,1:25.506,74,17
875,9,1 LAP,1:24.044,74,17
876,94,1 LAP,1:23.911,74,17
877,40,1 LAP,1:23.531,74,17
878,14,60.409,1:22.799,74,17
879,55,62.525,1:22.831,74,17
880,11,64.395,1:22.864,74,17
881,31,67.752,1:22.648,74,17
882,2,69.099,1:22.933,74,17
883,20,73.546,1:23.015,74,17
884,27,74.119,1:22.340,74,17
885,26,77.453,1:22.059,74,17
886,5,0,1:21.889,75,17
887,7,1.195,1:21.816,75,17
888,44,2.244,1:21.599,75,17
889,77,5.983,1:21.478,75,17
890,30,1 LAP,1:22.517,75,17
891,33,14.830,1:20.954,75,17
892,18,1 LAP,1:23.547,75,17
893,9,1 LAP,1:23.773,75,17
894,94,1 LAP,1:23.782,75,17
895,40,1 LAP,1:23.242,75,17
896,14,61.000,1:22.480,75,17
897,55,63.935,1:23.299,75,17
898,11,65.309,1:22.803,75,17
899,31,68.761,1:22.898,75,17
900,2,70.382,1:23.172,75,17
901,20,74.891,1:23.234,75,17
902,27,75.230,1:23.000,75,17
903,26,77.994,1:22.430,75,17
904,5,0,1:21.826,76,17
905,7,1.073,1:21.704,76,17
906,44,2.282,1:21.864,76,17
907,77,5.766,1:21.609,76,17
908,30,1 LAP,1:22.400,76,17
909,33,14.005,1:21.001,76,17
910,18,1 LAP,1:23.195,76,17
911,9,1 LAP,1:25.305,76,17
912,94,1 LAP,1:23.573,76,17
913,40,1 LAP,1:23.618,76,17
914,14,61.364,1:22.190,76,17
915,55,65.116,1:23.007,76,17
916,11,66.446,1:22.963,76,17
917,31,69.614,1:22.679,76,17
918,2,71.523,1:22.967,76,17
919,20,76.769,1:23.704,76,17
920,27,77.274,1:23.870,76,17
921,26,78.818,1:22.650,76,17
922,5,0,1:21.726,77,17
923,7,0.870,1:21.523,77,17
924,44,2.303,1:21.747,77,17
925,77,5.520,1:21.480,77,17
926,30,1 LAP,1:22.067,77,17
927,33,13.205,1:20.926,77,17
928,18,1 LAP,1:23.108,77,17
929,9,1 LAP,1:24.255,77,17
930,94,1 LAP,1:23.797,77,17
931,40,1 LAP,1:23.399,77,17
932,14,61.800,1:22.162,77,17
933,55,66.184,1:22.794,77,17
934,11,67.747,1:23.027,77,17
935,31,70.427,1:22.539,77,17
936,2,72.744,1:22.947,77,17
937,20,78.128,1:23.085,77,17
938,27,78.632,1:23.084,77,17
939,26,80.009,1:22.917,77,17
940,5,0,1:21.990,78,17
941,7,0.846,1:21.966,78,17
942,44,2.215,1:21.902,78,17
943,77,5.523,1:21.993,78,17
944,30,1 LAP,1:22.586,78,17
945,33,12.767,1:21.552,78,17
946,18,1 LAP,1:23.075,78,17
947,9,1 LAP,1:24.746,78,17
948,94,1 LAP,1:23.734,78,17
949,40,1 LAP,1:23.526,78,17
950,14,62.130,1:22.320,78,17
951,55,66.849,1:22.655,78,17
952,11,68.231,1:22.474,78,17
953,31,71.067,1:22.630,78,17
954,2,73.648,1:22.894,78,17
955,20,78.982,1:22.844,78,17
956,27,79.610,1:22.968,78,17
957,26,81.135,1:23.116,78,17
958,5,0,1:22.235,79,17
959,7,1.017,1:22.406,79,17
960,44,1.774,1:21.794,79,17
961,77,4.664,1:21.376,79,17
962,33,12.102,1:21.570,79,17
963,30,1 LAP,1:24.243,79,17
964,18,1 LAP,1:22.830,79,17
965,9,1 LAP,1:24.759,79,17
966,94,1 LAP,1:23.601,79,17
967,40,1 LAP,1:23.408,79,17
968,14,62.089,1:22.194,79,17
969,55,67.146,1:22.532,79,17
970,11,68.645,1:22.649,79,17
971,31,71.398,1:22.566,79,17
972,2,73.978,1:22.565,79,17
973,20,79.470,1:22.723,79,17
974,27,80.198,1:22.823,79,17
975,5,0,1:22.028,80,17
976,7,0.942,1:21.953,80,17
977,44,2.008,1:22.262,80,17
978,77,4.671,1:22.035,80,17
979,26,1 LAP,1:28.731,80,17
980,33,10.991,1:20.917,80,17
981,30,1 LAP,1:22.440,80,17
982,18,1 LAP,1:22.856,80,17
983,9,1 LAP,1:25.025,80,17
984,94,1 LAP,1:23.721,80,17
985,40,1 LAP,1:23.640,80,17
986,14,62.184,1:22.123,80,17
987,55,67.866,1:22.748,80,17
988,11,69.334,1:22.717,80,17
989,31,73.139,1:23.769,80,17
990,2,74.887,1:22.937,80,17
991,20,80.652,1:23.210,80,17
992,27,81.479,1:23.309,80,17
993,5,0,1:22.242,81,17
994,7,1.046,1:22.346,81,17
995,44,2.187,1:22.421,81,17
996,77,4.156,1:21.727,81,17
997,26,1 LAP,1:23.292,81,17
998,33,12.025,1:23.276,81,17
999,30,1 LAP,1:22.707,81,17
1000,18,1 LAP,1:23.230,81,17
1001,9,1 LAP,1:24.871,81,17
1002,94,1 LAP,1:23.962,81,17
1003,40,1 LAP,1:23.908,81,17
1004,14,62.484,1:22.542,81,17
1005,55,68.061,1:22.437,81,17
1006,11,69.779,1:22.687,81,17
1007,31,73.680,1:22.783,81,17
1008,2,75.568,1:22.923,81,17
1009,20,81.996,1:23.586,81,17
1010,5,0,1:22.421,82,17
1011,7,0.783,1:22.158,82,17
1012,44,1.870,1:22.104,82,17
1013,77,5.005,1:23.270,82,17
1014,27,1 LAP,1:28.902,82,17
1015,26,1 LAP,1:22.639,82,17
1016,33,10.466,1:20.862,82,17
1017,30,1 LAP,1:22.054,82,17
1018,18,1 LAP,1:22.997,82,17
1019,9,1 LAP,1:24.556,82,17
1020,94,1 LAP,1:23.888,82,17
1021,40,1 LAP,1:23.651,82,17
1022,14,62.597,1:22.534,82,17
1023,55,68.322,1:22.682,82,17
1024,11,69.902,1:22.544,82,17
1025,31,73.712,1:22.453,82,17
1026,2,76.286,1:23.139,82,17
1027,5,0,1:21.355,83,17
1028,7,1.422,1:21.994,83,17
1029,44,2.233,1:21.718,83,17
1030,20,1 LAP,1:26.353,83,17
1031,77,5.877,1:22.227,83,17
1032,27,1 LAP,1:22.508,83,17
1033,26,1 LAP,1:22.746,83,17
1034,33,10.524,1:21.413,83,17
1035,30,1 LAP,1:22.123,83,17
1036,18,1 LAP,1:23.116,83,17
1037,9,1 LAP,1:24.560,83,17
1038,94,1 LAP,1:23.911,83,17
1039,40,1 LAP,1:23.803,83,17
1040,14,63.699,1:22.457,83,17
1041,55,69.476,1:22.509,83,17
1042,11,71.088,1:22.541,83,17
1043,31,75.259,1:22.902,83,17
1044,5,0,1:21.110,84,17
1045,7,1.633,1:21.321,84,17
1046,44,2.864,1:21.741,84,17
1047,20,1 LAP,1:23.620,84,17
1048,77,7.453,1:22.686,84,17
1049,27,1 LAP,1:22.917,84,17
1050,33,11.241,1:21.827,84,17
1051,26,1 LAP,1:24.936,84,17
1052,30,1 LAP,1:21.889,84,17
1053,18,1 LAP,1:22.989,84,17
1054,9,1 LAP,1:24.252,84,17
1055,94,1 LAP,1:23.862,84,17
1056,14,64.248,1:21.659,84,17
1057,40,1 LAP,1:24.614,84,17
1058,55,70.634,1:22.268,84,17
1059,11,72.175,1:22.197,84,17
1060,31,76.591,1:22.442,84,17
1061,5,0,1:21.060,85,17
1062,7,1.709,1:21.136,85,17
1063,44,2.844,1:21.040,85,17
1064,77,8.186,1:21.793,85,17
1065,20,1 LAP,1:24.111,85,17
1066,27,1 LAP,1:22.893,85,17
1067,33,11.762,1:21.581,85,17
1068,26,1 LAP,1:22.209,85,17
1069,30,1 LAP,1:22.824,85,17
1070,18,1 LAP,1:23.069,85,17
1071,9,1 LAP,1:24.093,85,17
1072,14,65.815,1:22.627,85,17
1073,94,1 LAP,1:25.389,85,17
1074,40,1 LAP,1:23.718,85,17
1075,55,71.795,1:22.221,85,17
1076,11,73.498,1:22.383,85,17
1077,31,77.962,1:22.431,85,17
1078,5,0,1:20.878,91,17
1079,7,2.019,1:21.188,91,17
1080,44,3.135,1:21.169,91,17
1081,2,1 LAP,1:27.091,91,17
1082,77,8.526,1:21.218,91,17
1083,33,13.925,1:23.041,91,17
1084,20,1 LAP,1:25.641,91,17
1085,26,1 LAP,1:23.083,91,17
1086,27,1 LAP,1:28.436,91,17
1087,30,1 LAP,1:22.996,91,17
1088,18,1 LAP,1:22.946,91,17
1089,14,65.778,1:20.841,91,17
1090,9,1 LAP,1:25.293,91,17
1091,94,1 LAP,1:23.959,91,17
1092,55,73.602,1:22.685,91,17
1093,11,75.426,1:22.806,91,17
1094,31,79.954,1:22.870,91,17
1095,5,0,1:21.329,92,17
1096,7,1.763,1:21.073,92,17
1097,40,PIT,1:35.453,92,17
1098,44,2.903,1:21.097,92,17
1099,2,1 LAP,1:22.370,92,17
1100,77,8.711,1:21.514,92,17
1101,33,13.180,1:20.584,92,17
1102,20,1 LAP,1:22.904,92,17
1103,26,1 LAP,1:23.295,92,17
1104,27,1 LAP,1:21.611,92,17
1105,30,1 LAP,1:22.336,92,17
1106,18,1 LAP,1:23.037,92,17
1107,14,67.115,1:22.666,92,17
1108,9,1 LAP,1:25.222,92,17
1109,94,1 LAP,1:24.782,92,17
1110,55,75.263,1:22.990,92,17
1111,11,76.995,1:22.898,92,17
1112,5,0,1:22.050,93,17
1113,7,1.507,1:21.794,93,17
1114,44,3.058,1:22.205,93,17
1115,31,1 LAP,1:27.828,93,17
1116,2,1 LAP,1:22.503,93,17
1117,77,8.031,1:21.370,93,17
1118,33,11.896,1:20.766,93,17
1119,20,1 LAP,1:22.780,93,17
1120,26,1 LAP,1:22.752,93,17
1121,27,1 LAP,1:22.911,93,17
1122,30,1 LAP,1:22.691,93,17
1123,18,1 LAP,1:23.169,93,17
1124,14,67.701,1:22.636,93,17
1125,55,77.397,1:24.184,93,17
1126,11,78.519,1:23.574,93,17
1127,94,1 LAP,1:27.174,93,17
1128,9,1 LAP,1:29.372,93,17
1129,5,0,1:21.478,94,17
1130,7,1.230,1:21.201,94,17
1131,44,3.801,1:22.221,94,17
1132,31,1 LAP,1:23.209,94,17
1133,2,1 LAP,1:22.475,94,17
1134,77,8.639,1:22.086,94,17
1135,33,11.252,1:20.834,94,17
1136,20,1 LAP,1:22.502,94,17
1137,26,1 LAP,1:22.712,94,17
1138,27,1 LAP,1:22.232,94,17
1139,30,1 LAP,1:22.397,94,17
1140,18,1 LAP,1:22.974,94,17
1141,14,69.001,1:22.778,94,17
1142,55,77.835,1:21.916,94,17
1143,11,79.846,1:22.805,94,17
1144,5,0,1:22.141,95,17
1145,7,1.165,1:22.076,95,17
1146,94,2 LAPS,1:26.578,95,17
1147,44,2.971,1:21.311,95,17
1148,31,1 LAP,1:23.281,95,17
1149,2,1 LAP,1:23.329,95,17
1150,77,9.117,1:22.619,95,17
1151,33,10.514,1:21.403,95,17
1152,9,PIT,1:36.391,95,17
1153,20,1 LAP,1:22.649,95,17
1154,26,1 LAP,1:22.568,95,17
1155,27,1 LAP,1:22.649,95,17
1156,30,1 LAP,1:22.238,95,17
1157,18,1 LAP,1:22.980,95,17
1158,14,67.605,1:20.745,95,17
1159,55,77.736,1:22.042,95,17
1160,11,80.145,1:22.440,95,17
1161,5,0,1:21.454,96,17
1162,7,1.175,1:21.464,96,17
1163,44,2.335,1:20.818,96,17
1164,94,2 LAPS,1:24.999,96,17
1165,31,1 LAP,1:23.141,96,17
1166,77,10.091,1:22.428,96,17
1167,33,11.043,1:21.983,96,17
1168,2,1 LAP,1:25.769,96,17
1169,20,1 LAP,1:22.767,96,17
1170,26,1 LAP,1:22.632,96,17
1171,27,1 LAP,1:22.633,96,17
1172,30,1 LAP,1:22.654,96,17
1173,9,2 LAPS,1:44.754,96,17
1174,18,1 LAP,1:23.282,96,17
1175,14,67.881,1:21.730,96,17
1176,55,78.457,1:22.175,96,17
1177,5,0,1:20.905,97,17
1178,7,1.358,1:21.088,97,17
1179,44,3.246,1:21.816,97,17
1180,11,1 LAP,1:27.709,97,17
1181,94,2 LAPS,1:24.149,97,17
1182,77,10.670,1:21.484,97,17
1183,33,12.183,1:22.045,97,17
1184,31,1 LAP,1:26.018,97,17
1185,2,1 LAP,1:23.215,97,17
1186,20,1 LAP,1:22.239,97,17
1187,26,1 LAP,1:22.508,97,17
1188,27,1 LAP,1:22.415,97,17
1189,30,1 LAP,1:22.325,97,17
1190,9,2 LAPS,1:22.735,97,17
1191,18,1 LAP,1:23.249,97,17
1192,14,68.823,1:21.847,97,17
1193,5,0,1:20.994,98,17
1194,7,1.369,1:21.005,98,17
1195,44,3.184,1:20.932,98,17
1196,11,1 LAP,1:22.324,98,17
1197,77,10.890,1:21.214,98,17
1198,33,12.662,1:21.473,98,17
1199,94,2 LAPS,1:27.171,98,17
1200,31,1 LAP,1:23.076,98,17
1201,2,1 LAP,1:23.004,98,17
1202,20,1 LAP,1:22.100,98,17
1203,26,1 LAP,1:21.995,98,17
1204,30,1 LAP,1:22.624,98,17
1205,9,2 LAPS,1:21.752,98,17
1206,27,PIT,1:39.784,98,17
1207,18,1 LAP,1:23.490,98,17
1208,14,70.258,1:22.429,98,17
1209,5,0,1:20.807,99,17
1210,7,1.519,1:20.957,99,17
1211,44,3.837,1:21.460,99,17
1212,55,1 LAP,1:27.053,99,17
1213,11,1 LAP,1:22.105,99,17
1214,77,11.697,1:21.614,99,17
1215,33,13.126,1:21.271,99,17
1216,31,1 LAP,1:22.634,99,17
1217,2,1 LAP,1:22.724,99,17
1218,94,2 LAPS,1:26.822,99,17
1219,20,1 LAP,1:22.901,99,17
1220,26,1 LAP,1:22.875,99,17
1221,30,1 LAP,1:21.589,99,17
1222,9,2 LAPS,1:22.451,99,17
1223,18,1 LAP,1:24.486,99,17
1224,14,69.633,1:20.182,99,17
1225,5,0,1:21.072,100,17
1226,7,0.908,1:20.461,100,17
1227,55,1 LAP,1:26.063,100,17
1228,11,1 LAP,1:23.651,100,17
1229,77,12.462,1:21.837,100,17
1230,44,12.885,1:30.120,100,17
1231,33,13.276,1:21.222,100,17
1232,31,1 LAP,1:22.521,100,17
1233,2,1 LAP,1:22.424,100,17
1234,94,2 LAPS,1:24.985,100,17
1235,20,1 LAP,1:22.973,100,17
1236,26,1 LAP,1:23.184,100,17
1237,30,1 LAP,1:22.509,100,17
1238,9,2 LAPS,1:22.388,100,17
1239,18,1 LAP,1:23.529,100,17
1240,14,71.223,1:22.662,100,17
